,date,start_time,team1,team2,team1_score,team2_score,first_half_score
0,2020-05-25,12:00,Taipower,Cathay Life,60,91,İY 18-45
1,2020-05-25,14:00,Taiyuan Textile,Chunghua Telecom,73,50,İY 39-24
2,2020-05-24,05:00,Manawatu,Taranaki,,,
3,2020-05-23,08:00,Taranaki,Franklin Bulls,,,
4,2020-05-22,08:00,Franklin Bulls,Nelson Giants,,,
5,2020-05-17,12:00,Taiyuan Textile,Cathay Life,47,117,İY 23-49
6,2020-05-17,14:00,Chunghua Telecom,Taipower,66,61,İY 44-27
7,2020-05-16,12:00,Taipower,Taiyuan Textile,67,82,İY 33-47
8,2020-05-16,14:00,Cathay Life,Chunghua Telecom,96,49,İY 46-23
9,2020-05-15,08:00,Franklin Bulls,Canterbury Rams,,,
10,2020-05-14,12:00,Chunghua Telecom,Taipower,61,78,İY 32-31
11,2020-05-14,14:00,Cathay Life,Taiyuan Textile,114,58,İY 52-27
12,2020-05-13,12:00,Taipower,Cathay Life,35,97,İY 21-51
13,2020-05-13,14:00,Taiyuan Textile,Chunghua Telecom,83,68,İY 38-30
14,2020-05-10,05:00,Manawatu,Nelson Giants,,,
15,2020-05-10,12:00,Cathay Life,Chunghua Telecom,88,61,İY 49-23
16,2020-05-10,14:00,Taiyuan Textile,Taipower,91,87,İY 52-44
17,2020-05-09,03:00,FC Barcelona Lassa Bàsquet,UCAM Murcia,,,
18,2020-05-09,03:00,CB RETAbet Bilbao Berri Basket,Tenerife,,,
19,2020-05-09,03:00,Fuenlabrada,BC MoraBanc Andorra,,,
20,2020-05-09,03:00,CB Herbalife Gran Canaria Claret,Real Madrid,,,
21,2020-05-09,03:00,Club Joventut de Badalona,CD Saski Baskonia,,,
22,2020-05-09,03:00,Manresa,Estudiantes,,,
23,2020-05-09,03:00,Obradoiro,Zaragoza,,,
24,2020-05-09,03:00,Real Betis,Valencia,,,
25,2020-05-09,03:00,Unicaja Baloncesto Málaga,Burgos,,,
26,2020-05-09,08:00,Taranaki,Nelson Giants,,,
27,2020-05-09,12:00,Taipower,Cathay Life,65,93,İY 29-45
28,2020-05-09,14:00,Taiyuan Textile,Chunghua Telecom,69,80,İY 34-30
29,2020-05-08,22:00,Fundacion,Peixegalego,,,
30,2020-05-08,22:00,Almansa,Breogan,,,
31,2020-05-08,22:00,Caceres,Gipuzkoa,,,
32,2020-05-08,22:00,Amics Castello,Bahia San Agustin,,,
33,2020-05-08,22:00,Lleida,CB Ourense,,,
34,2020-05-08,22:00,Leyma Coruna,CB Granada,,,
35,2020-05-08,22:00,Oviedo,Melilla,,,
36,2020-05-08,22:00,Palencia,Real Canoe NC,,,
37,2020-05-08,22:00,Valladolid,Penas Huesca,,,
38,2020-05-08,03:00,Aix Maurienne,Saint Chamond,,,
39,2020-05-08,03:00,Antibes,Denain Voltair,,,
40,2020-05-08,03:00,Evreux,Hermine,,,
41,2020-05-08,03:00,Lille BC,Gries,,,
42,2020-05-08,03:00,Nancy Basket,Rouen Basket,,,
43,2020-05-08,03:00,Paris,Poitiers,,,
44,2020-05-08,03:00,Quimper,Blois 41,,,
45,2020-05-08,03:00,Saint Quentin,S'weyersheim,,,
46,2020-05-08,03:00,Vichy Clermont,Fos Provence,,,
47,2020-05-07,03:00,CD Saski Baskonia,FC Barcelona Lassa Bàsquet,,,
48,2020-05-07,03:00,Estudiantes,Club Joventut de Badalona,,,
49,2020-05-07,03:00,BC MoraBanc Andorra,Real Betis,,,
50,2020-05-07,03:00,UCAM Murcia,CB Herbalife Gran Canaria Claret,,,
51,2020-05-07,03:00,Real Madrid,CB RETAbet Bilbao Berri Basket,,,
52,2020-05-07,03:00,Burgos,Obradoiro,,,
53,2020-05-07,03:00,Zaragoza,Unicaja Baloncesto Málaga,,,
54,2020-05-07,03:00,Tenerife,Manresa,,,
55,2020-05-07,03:00,Valencia,Fuenlabrada,,,
56,2020-05-07,03:00,Neptunas,BC Nevėžis Kėdainiai,,,
57,2020-05-07,03:00,BC Juventus Utena,Pieno Pasvalys,,,
58,2020-05-07,03:00,Vilnius Rytas,Lietkabelis,,,
59,2020-05-07,03:00,BC Siauliai,BC Žalgiris Kaunas,,,
60,2020-05-07,03:00,Dzukija Alytus,BC Vytautas Prienai Birštonas,,,
61,2020-05-07,12:00,Taiyuan Textile,Cathay Life,54,92,İY 32-42
62,2020-05-07,14:00,Chunghua Telecom,Taipower,86,49,İY 43-27
63,2020-05-06,03:00,Cholet Basket,Nanterre,,,
64,2020-05-06,03:00,Dijon,Élan Sportif Chalonnais,,,
65,2020-05-06,03:00,Pau Orthez,Chorale Roanne,,,
66,2020-05-06,03:00,Gravelines,Bourg Basket,,,
67,2020-05-06,03:00,Le Portel,Chalons-Reims,,,
68,2020-05-06,03:00,Levallois,Boulazac,,,
69,2020-05-06,03:00,AS Monaco,Limoges Cercle Saint-Pierre,,,
70,2020-05-06,03:00,Orleans,Asvel,,,
71,2020-05-06,03:00,SIG Basket Strasbourg,Le Mans,,,
72,2020-05-06,12:00,Taipower,Taiyuan Textile,58,80,İY 28-39
73,2020-05-06,14:00,Cathay Life,Chunghua Telecom,90,72,İY 50-34
74,2020-05-04,03:00,BC Žalgiris Kaunas,Dzukija Alytus,,,
75,2020-05-04,01:00,Toyama Grouses,Dolphins,,,
76,2020-05-04,09:05,Yokohama BC,Kyoto Hannaryz,,,
77,2020-05-03,17:30,Anadolu Efes Spor Kulübü,Pınar Karşıyaka Spor Kulübü,,,
78,2020-05-03,17:00,Çorlu Bld.,Ege Üniversitesi Gençlik,,,
79,2020-05-03,17:00,Murat Paşaoğlu SK,Erzurum Büyükşehir Belediye Gençlik Spor Kulübü,,,
80,2020-05-03,03:00,BC Juventus Utena,BC Siauliai,,,
81,2020-05-03,03:00,BC Nevėžis Kėdainiai,Vilnius Rytas,,,
82,2020-05-03,01:00,Toyama Grouses,Dolphins,,,
83,2020-05-03,08:05,SeaHorses,Osaka Evessa,,,
84,2020-05-03,08:05,Akita NH,Brave Thunders,,,
85,2020-05-03,08:05,Niigata Abirex,Shimane SM,,,
86,2020-05-03,09:05,Chiba Jets,Ryukyu,,,
87,2020-05-03,09:05,Tochigi Brex,Sun Rockers,,,
88,2020-05-03,10:10,Levanga,Toyota Alvark,,,
89,2020-05-03,11:05,Yokohama BC,Kyoto Hannaryz,,,
90,2020-05-02,03:00,FC Barcelona Lassa Bàsquet,BC MoraBanc Andorra,,,
91,2020-05-02,03:00,CB RETAbet Bilbao Berri Basket,Burgos,,,
92,2020-05-02,03:00,Estudiantes,CD Saski Baskonia,,,
93,2020-05-02,03:00,Fuenlabrada,Zaragoza,,,
94,2020-05-02,03:00,CB Herbalife Gran Canaria Claret,Manresa,,,
95,2020-05-02,03:00,UCAM Murcia,Club Joventut de Badalona,,,
96,2020-05-02,03:00,Real Betis,Tenerife,,,
97,2020-05-02,03:00,Real Madrid,Obradoiro,,,
98,2020-05-02,03:00,Unicaja Baloncesto Málaga,Valencia,,,
99,2020-05-02,03:00,Boulazac,Cholet Basket,,,
100,2020-05-02,03:00,Élan Sportif Chalonnais,Orleans,,,
101,2020-05-02,03:00,Chalons-Reims,Gravelines,,,
102,2020-05-02,03:00,Bourg Basket,AS Monaco,,,
103,2020-05-02,03:00,Le Mans,Pau Orthez,,,
104,2020-05-02,03:00,Limoges Cercle Saint-Pierre,Levallois,,,
105,2020-05-02,03:00,Asvel,SIG Basket Strasbourg,,,
106,2020-05-02,03:00,Nanterre,Dijon,,,
107,2020-05-02,03:00,Chorale Roanne,Le Portel,,,
108,2020-05-02,03:00,ALBA Berlin,FC Bayern München,,,
109,2020-05-02,03:00,Brose Baskets,Mitteldeutsche,,,
110,2020-05-02,03:00,S. Frankfurt,Würzburg,,,
111,2020-05-02,03:00,Hamburg Towers,Telekom Basket,,,
112,2020-05-02,03:00,Riesen,BG Göttingen,,,
113,2020-05-02,03:00,Oldenburg,Medi Bayreuth,,,
114,2020-05-02,03:00,Ratiopharm Ulm,Giessen 46ers,,,
115,2020-05-02,03:00,Rasta Vechta,Crailsheim,,,
116,2020-05-02,18:00,Kocaeli,Nazilli,,,
117,2020-05-02,18:00,Ankara Kayı Gençlik,UPS Spor,,,
118,2020-05-02,18:00,Bossan,Başkent Yenişehir,,,
119,2020-05-02,03:00,Pieno Pasvalys,BC Vytautas Prienai Birštonas,,,
120,2020-05-02,03:00,Lietkabelis,Neptunas,,,
121,2020-05-02,08:05,SeaHorses,Osaka Evessa,,,
122,2020-05-02,08:05,NeoPhoenix,Shiga L-Stars,,,
123,2020-05-02,09:05,Chiba Jets,Ryukyu,,,
124,2020-05-02,09:05,Levanga,Toyota Alvark,,,
125,2020-05-02,09:05,Tochigi Brex,Sun Rockers,,,
126,2020-05-02,12:05,Akita NH,Brave Thunders,,,
127,2020-05-02,12:05,Niigata Abirex,Shimane SM,,,
128,2020-05-01,03:00,Türk Telekom Basketbol Kulübü,Bahçeşehir Koleji Spor Kulübü,,,
129,2020-05-01,03:00,Gaziantep BB,Galatasaray,,,
130,2020-05-01,03:00,İTÜ BB,M.Y. Afyon Bld,,,
131,2020-05-01,03:00,FruttiEx Bursa,Fenerbahçe,,,
132,2020-05-01,03:00,Büyükçekmece,TOFAŞ Spor Kulübü,,,
133,2020-05-01,03:00,Bandırma BİK,Darüşşafaka Spor Kulübü,,,
134,2020-05-01,03:00,Beşiktaş,OGM Orman Spor Kulübü,,,
135,2020-05-01,17:00,Ted Ankara,İzmir Büyükşehir Belediyesi Gençlik ve Spor Kulübü,,,
136,2020-05-01,18:00,Karsiyaka Belediyespor,Beylikdüzü,,,
137,2020-05-01,22:00,Breogan,Lleida,,,
138,2020-05-01,22:00,Gipuzkoa,Valladolid,,,
139,2020-05-01,22:00,CB Granada,Caceres,,,
140,2020-05-01,22:00,Penas Huesca,Fundacion,,,
141,2020-05-01,22:00,Bahia San Agustin,Almansa,,,
142,2020-05-01,22:00,Melilla,Amics Castello,,,
143,2020-05-01,22:00,CB Ourense,Leyma Coruna,,,
144,2020-05-01,22:00,Peixegalego,Palencia,,,
145,2020-05-01,22:00,Real Canoe NC,Oviedo,,,
146,2020-05-01,03:00,Blois 41,Lille BC,,,
147,2020-05-01,03:00,Denain Voltair,Aix Maurienne,,,
148,2020-05-01,03:00,Fos Provence,Quimper,,,
149,2020-05-01,03:00,Gries,Paris,,,
150,2020-05-01,03:00,Hermine,Saint Quentin,,,
151,2020-05-01,03:00,Poitiers,Evreux,,,
152,2020-05-01,03:00,S'weyersheim,Nancy Basket,,,
153,2020-05-01,03:00,Saint Chamond,Antibes,,,
154,2020-05-01,21:30,Rouen Basket,Vichy Clermont,,,
155,2020-05-01,08:00,Taranaki,Franklin Bulls,,,
156,2020-05-01,13:05,NeoPhoenix,Shiga L-Stars,,,
157,2020-04-30,21:30,Braunschweig,ALBA Berlin,,,
158,2020-04-30,03:00,BC Žalgiris Kaunas,BC Nevėžis Kėdainiai,,,
159,2020-04-30,03:00,Dzukija Alytus,BC Juventus Utena,,,
160,2020-04-30,01:00,Yokohama BC,Toyama Grouses,,,
161,2020-04-30,03:30,Esgrima,Almagro,,,
162,2020-04-30,03:30,Atenas,Corrientes,,,
163,2020-04-30,03:30,Arjantin,La Union,,,
164,2020-04-30,03:30,Obras,Ferro,,,
165,2020-04-30,03:30,Olimpico,Comunicaciones,,,
166,2020-04-30,03:30,Penarol,Boca Juniors,,,
167,2020-04-30,03:30,Platense,Concordia,,,
168,2020-04-30,03:30,Quimsa,Hispano,,,
169,2020-04-30,03:30,Bahia,Libertad,,,
170,2020-04-30,03:30,I. Atletico Central Cordoba,Regatas,,,
171,2020-04-30,12:00,Luxgen Dinos,Taiwan Beer,78,117,İY 34-69
172,2020-04-29,03:00,Giessen 46ers,Braunschweig,,,
173,2020-04-29,03:00,BG Göttingen,Brose Baskets,,,
174,2020-04-29,03:00,Mitteldeutsche,Ratiopharm Ulm,,,
175,2020-04-29,03:00,Oldenburg,Crailsheim,,,
176,2020-04-29,03:00,Pieno Pasvalys,Vilnius Rytas,,,
177,2020-04-29,03:00,BC CBet Prienai,Lietkabelis,,,
178,2020-04-29,03:00,BC Siauliai,Neptunas,,,
179,2020-04-29,09:05,Levanga,Akita NH,,,
180,2020-04-29,11:05,Toyota Alvark,Tochigi Brex,,,
181,2020-04-29,12:05,Brave Thunders,SeaHorses,,,
182,2020-04-29,13:05,Ryukyu,Osaka Evessa,,,
183,2020-04-29,13:35,Sun Rockers,Chiba Jets,,,
184,2020-04-28,03:00,Dijon,Boulazac,,,
185,2020-04-28,03:00,Pau Orthez,Nanterre,,,
186,2020-04-28,03:00,Gravelines,Asvel,,,
187,2020-04-28,03:00,Bourg Basket,Limoges Cercle Saint-Pierre,,,
188,2020-04-28,03:00,Le Portel,Élan Sportif Chalonnais,,,
189,2020-04-28,03:00,Levallois,Cholet Basket,,,
190,2020-04-28,03:00,AS Monaco,Le Mans,,,
191,2020-04-28,03:00,Orleans,Chalons-Reims,,,
192,2020-04-28,03:00,SIG Basket Strasbourg,Chorale Roanne,,,
193,2020-04-28,03:00,Medi Bayreuth,S. Frankfurt,,,
194,2020-04-28,03:00,Telekom Basket,Rasta Vechta,,,
195,2020-04-28,03:00,Würzburg,Hamburg Towers,,,
196,2020-04-28,03:00,Antibes,Blois 41,,,
197,2020-04-28,03:00,Lille BC,Evreux,,,
198,2020-04-28,03:00,Nancy Basket,Gries,,,
199,2020-04-28,03:00,Paris,Saint Chamond,,,
200,2020-04-28,03:00,Quimper,Poitiers,,,
201,2020-04-28,03:00,Rouen Basket,Aix Maurienne,,,
202,2020-04-28,03:00,Saint Quentin,Fos Provence,,,
203,2020-04-28,03:00,S'weyersheim,Hermine,,,
204,2020-04-28,03:00,Vichy Clermont,Denain Voltair,,,
205,2020-04-28,02:00,Boca Juniors,La Union,,,
206,2020-04-28,03:00,I. Atletico Central Cordoba,Corrientes,,,
207,2020-04-28,03:00,Penarol,Libertad,,,
208,2020-04-28,03:00,Almagro,Concordia,,,
209,2020-04-28,03:30,Atenas,Regatas,,,
210,2020-04-28,04:00,Olimpico,Hispano,,,
211,2020-04-28,04:00,Quimsa,Comunicaciones,,,
212,2020-04-28,12:00,Taiwan Beer,Luxgen Dinos,81,99,İY 40-47
213,2020-04-27,02:00,Platense,Obras,,,
214,2020-04-26,13:30,CD Saski Baskonia,UCAM Murcia,,,
215,2020-04-26,13:30,CB RETAbet Bilbao Berri Basket,FC Barcelona Lassa Bàsquet,,,
216,2020-04-26,18:00,Manresa,Fuenlabrada,,,
217,2020-04-26,19:30,Valencia,Real Madrid,,,
218,2020-04-26,21:00,CB Herbalife Gran Canaria Claret,Real Betis,,,
219,2020-04-26,19:15,Cantu,Olimpia Milano,,,
220,2020-04-26,19:15,Enel Brindisi,Vanoli,,,
221,2020-04-26,19:15,Virtus Bologna,Trento,,,
222,2020-04-26,19:15,Venezia,Brescia,,,
223,2020-04-26,19:15,Trieste,Pesaro,,,
224,2020-04-26,19:15,Dinamo Sassari,Pistoia,,,
225,2020-04-26,19:15,Reggio Emilia,F. Bologna,,,
226,2020-04-26,19:15,Varese,Uni Treviso,,,
227,2020-04-26,03:00,ALBA Berlin,Würzburg,,,
228,2020-04-26,03:00,Brose Baskets,Medi Bayreuth,,,
229,2020-04-26,03:00,Braunschweig,Telekom Basket,,,
230,2020-04-26,03:00,Hamburg Towers,FC Bayern München,,,
231,2020-04-26,03:00,Ratiopharm Ulm,Oldenburg,,,
232,2020-04-26,19:00,Riesen,Giessen 46ers,,,
233,2020-04-26,03:00,BC Avtodor Saratov,BC UNICS Kazan,,,
234,2020-04-26,03:00,BC Astana,Parma Basket,,,
235,2020-04-26,03:00,BC Enisey Krasnoyarsk,Nizhny,,,
236,2020-04-26,03:00,BC Tsmoki-Minsk,BC Kalev Cramo,,,
237,2020-04-26,16:00,Erzurum Büyükşehir Belediye Gençlik Spor Kulübü,Geçit Spor,,,
238,2020-04-26,17:00,Çorlu Bld.,Karsiyaka Belediyespor,,,
239,2020-04-26,03:00,BC Siauliai,Pieno Pasvalys,,,
240,2020-04-26,03:00,Neptunas,Vilnius Rytas,,,
241,2020-04-26,07:35,Shimane SM,Ryukyu,,,
242,2020-04-26,08:05,Sun Rockers,Toyama Grouses,,,
243,2020-04-26,08:05,Kyoto Hannaryz,Levanga,,,
244,2020-04-26,08:05,NeoPhoenix,Akita NH,,,
245,2020-04-26,08:05,Niigata Abirex,SeaHorses,,,
246,2020-04-26,08:05,Shiga L-Stars,Chiba Jets,,,
247,2020-04-26,09:05,Tochigi Brex,Yokohama BC,,,
248,2020-04-26,09:05,Dolphins,Toyota Alvark,,,
249,2020-04-26,10:05,Brave Thunders,Osaka Evessa,,,
250,2020-04-26,02:30,Bahia,Concordia,,,
251,2020-04-26,03:00,Ferro,Hispano,,,
252,2020-04-26,03:00,Arjantin,Libertad,,,
253,2020-04-26,12:00,Luxgen Dinos,Taiwan Beer,82,90,İY 37-42
254,2020-04-25,19:00,Obradoiro,Unicaja Baloncesto Málaga,,,
255,2020-04-25,19:00,Burgos,Estudiantes,,,
256,2020-04-25,21:30,Club Joventut de Badalona,BC MoraBanc Andorra,,,
257,2020-04-25,21:30,Tenerife,Zaragoza,,,
258,2020-04-25,03:00,Crailsheim,Mitteldeutsche,,,
259,2020-04-25,03:00,S. Frankfurt,BG Göttingen,,,
260,2020-04-25,14:00,İzmir Büyükşehir Belediyesi Gençlik ve Spor Kulübü,Kocaeli,,,
261,2020-04-25,14:30,Başkent Yenişehir,Beylikdüzü,,,
262,2020-04-25,17:00,UPS Spor,Murat Paşaoğlu SK,,,
263,2020-04-25,18:00,Nazilli,Ankara Kayı Gençlik,,,
264,2020-04-25,03:00,BC Vytautas Prienai Birštonas,BC Nevėžis Kėdainiai,,,
265,2020-04-25,03:00,BC Žalgiris Kaunas,BC Juventus Utena,,,
266,2020-04-25,03:00,Lietkabelis,Dzukija Alytus,,,
267,2020-04-25,19:30,Oviedo,Peixegalego,,,
268,2020-04-25,20:00,Almansa,Melilla,,,
269,2020-04-25,20:00,CB Ourense,Breogan,,,
270,2020-04-25,09:05,Tochigi Brex,Yokohama BC,,,
271,2020-04-25,09:05,Dolphins,Toyota Alvark,,,
272,2020-04-25,11:05,Sun Rockers,Toyama Grouses,,,
273,2020-04-25,11:05,NeoPhoenix,Akita NH,,,
274,2020-04-25,12:05,Brave Thunders,Osaka Evessa,,,
275,2020-04-25,12:05,Kyoto Hannaryz,Levanga,,,
276,2020-04-25,12:05,Niigata Abirex,SeaHorses,,,
277,2020-04-25,12:05,Shiga L-Stars,Chiba Jets,,,
278,2020-04-25,12:35,Shimane SM,Ryukyu,,,
279,2020-04-25,01:00,Obras,Quimsa,,,
280,2020-04-25,03:30,Corrientes,Boca Juniors,,,
281,2020-04-24,03:00,Bahçeşehir Koleji Spor Kulübü,Gaziantep BB,,,
282,2020-04-24,03:00,Türk Telekom Basketbol Kulübü,Beşiktaş,,,
283,2020-04-24,03:00,Galatasaray,İTÜ BB,,,
284,2020-04-24,03:00,M.Y. Afyon Bld,FruttiEx Bursa,,,
285,2020-04-24,03:00,Fenerbahçe,Büyükçekmece,,,
286,2020-04-24,03:00,TOFAŞ Spor Kulübü,Bandırma BİK,,,
287,2020-04-24,03:00,Darüşşafaka Spor Kulübü,Anadolu Efes Spor Kulübü,,,
288,2020-04-24,03:00,Pınar Karşıyaka Spor Kulübü,OGM Orman Spor Kulübü,,,
289,2020-04-24,03:00,Samsunspor,Düzce Bld.,,,
290,2020-04-24,03:00,Manisa Bşb,Merkezefendi,,,
291,2020-04-24,03:00,Final Spor,Bornova Belediye Spor Kulübü,,,
292,2020-04-24,03:00,Balıkesir BŞB,Mamak Belediyesi,,,
293,2020-04-24,03:00,Selçuklu Bld,Sigortam.net,,,
294,2020-04-24,03:00,Petkim Spor,Gemlik Basketbol Kulübü,,,
295,2020-04-24,03:00,Ankara Anadolu,Akhisar Belediye,,,
296,2020-04-24,03:00,Semt77 Yalova,Fethiye Belediye Basketbol Kulübü,,,
297,2020-04-24,21:30,ALBA Berlin,Giessen 46ers,,,
298,2020-04-24,15:00,Ege Üniversitesi Gençlik,Ted Ankara,,,
299,2020-04-24,21:45,Fundacion,Gipuzkoa,,,
300,2020-04-24,21:45,Amics Castello,Real Canoe NC,,,
301,2020-04-24,21:45,Valladolid,CB Granada,,,
302,2020-04-24,22:00,Caceres,Leyma Coruna,,,
303,2020-04-24,22:00,Lleida,Bahia San Agustin,,,
304,2020-04-24,22:00,Palencia,Penas Huesca,,,
305,2020-04-24,03:00,Comunicaciones,Platense,,,
306,2020-04-24,03:30,Esgrima,Atenas,,,
307,2020-04-24,04:00,La Union,Penarol,,,
308,2020-04-24,04:00,Olimpico,I. Atletico Central Cordoba,,,
309,2020-04-24,12:00,Taiwan Beer,Luxgen Dinos,94,74,İY 40-47
310,2020-04-23,01:00,CD Saski Baskonia,Zaragoza,,,
311,2020-04-23,01:00,CB RETAbet Bilbao Berri Basket,UCAM Murcia,,,
312,2020-04-23,01:00,Estudiantes,Fuenlabrada,,,
313,2020-04-23,01:00,Manresa,Club Joventut de Badalona,,,
314,2020-04-23,01:00,Real Betis,Obradoiro,,,
315,2020-04-23,01:00,Real Madrid,FC Barcelona Lassa Bàsquet,,,
316,2020-04-23,01:00,Burgos,CB Herbalife Gran Canaria Claret,,,
317,2020-04-23,01:00,Tenerife,Valencia,,,
318,2020-04-23,01:00,Unicaja Baloncesto Málaga,BC MoraBanc Andorra,,,
319,2020-04-23,20:00,Telekom Basket,FC Bayern München,,,
320,2020-04-23,03:00,Pieno Pasvalys,Neptunas,,,
321,2020-04-23,03:00,Vilnius Rytas,BC Juventus Utena,,,
322,2020-04-23,08:30,Canterbury Rams,Manawatu,,,
323,2020-04-23,03:30,Regatas,Boca Juniors,,,
324,2020-04-23,12:00,Luxgen Dinos,Taiwan Beer,89,83,İY 48-45
325,2020-04-22,03:00,Medi Bayreuth,Rasta Vechta,,,
326,2020-04-22,03:00,Mitteldeutsche,Hamburg Towers,,,
327,2020-04-22,03:00,Oldenburg,Braunschweig,,,
328,2020-04-22,03:00,Würzburg,Ratiopharm Ulm,,,
329,2020-04-22,03:00,BC Nevėžis Kėdainiai,Lietkabelis,,,
330,2020-04-22,03:00,Dzukija Alytus,BC Siauliai,,,
331,2020-04-22,03:00,BC Žalgiris Kaunas,BC CBet Prienai,,,
332,2020-04-22,13:05,Dolphins,Shiga L-Stars,,,
333,2020-04-22,13:05,NeoPhoenix,Niigata Abirex,,,
334,2020-04-22,13:05,Shimane SM,Kyoto Hannaryz,,,
335,2020-04-22,02:30,Regatas,Almagro,,,
336,2020-04-22,03:00,Ferro,Atenas,,,
337,2020-04-22,03:30,Corrientes,Penarol,,,
338,2020-04-22,03:30,Concordia,Platense,,,
339,2020-04-22,04:00,Quimsa,I. Atletico Central Cordoba,,,
340,2020-04-21,03:00,Boulazac,Bourg Basket,,,
341,2020-04-21,03:00,Chalons-Reims,Levallois,,,
342,2020-04-21,03:00,Cholet Basket,Pau Orthez,,,
343,2020-04-21,03:00,Le Mans,Orleans,,,
344,2020-04-21,03:00,Limoges Cercle Saint-Pierre,Chorale Roanne,,,
345,2020-04-21,03:00,Asvel,Dijon,,,
346,2020-04-21,03:00,AS Monaco,Élan Sportif Chalonnais,,,
347,2020-04-21,03:00,Nanterre,Le Portel,,,
348,2020-04-21,03:00,SIG Basket Strasbourg,Gravelines,,,
349,2020-04-21,03:00,Giessen 46ers,ALBA Berlin,,,
350,2020-04-21,03:00,BG Göttingen,Crailsheim,,,
351,2020-04-21,03:00,Blois 41,Nancy Basket,,,
352,2020-04-21,03:00,Aix Maurienne,Paris,,,
353,2020-04-21,03:00,Denain Voltair,Rouen Basket,,,
354,2020-04-21,03:00,Evreux,Vichy Clermont,,,
355,2020-04-21,03:00,Fos Provence,S'weyersheim,,,
356,2020-04-21,03:00,Gries,Antibes,,,
357,2020-04-21,03:00,Hermine,Quimper,,,
358,2020-04-21,03:00,Poitiers,Saint Quentin,,,
359,2020-04-21,03:00,Saint Chamond,Lille BC,,,
360,2020-04-21,01:00,Obras,La Union,,,
361,2020-04-21,03:30,Libertad,Esgrima,,,
362,2020-04-21,12:00,Taiwan Beer,Luxgen Dinos,83,88,İY 35-41
363,2020-04-21,03:00,Krka,Helios Domzale,,,
364,2020-04-21,03:00,KK Rogaska,Hopsi Polzela,,,
365,2020-04-21,03:00,Cedevita,Primorska,,,
366,2020-04-20,03:00,Olimpico,Bahia,,,
367,2020-04-20,03:30,Regatas,Penarol,,,
368,2020-04-19,18:00,BC MoraBanc Andorra,Manresa,,,
369,2020-04-19,18:00,UCAM Murcia,Burgos,,,
370,2020-04-19,19:00,Real Madrid,Tenerife,,,
371,2020-04-19,19:30,Unicaja Baloncesto Málaga,FC Barcelona Lassa Bàsquet,,,
372,2020-04-19,21:00,Estudiantes,Obradoiro,,,
373,2020-04-19,21:00,Zaragoza,Valencia,,,
374,2020-04-19,19:15,Pesaro,Venezia,,,
375,2020-04-19,19:15,Vanoli,Dinamo Sassari,,,
376,2020-04-19,19:15,Uni Treviso,Enel Brindisi,,,
377,2020-04-19,19:15,F. Bologna,Trieste,,,
378,2020-04-19,19:15,Trento,Varese,,,
379,2020-04-19,19:15,Brescia,Cantu,,,
380,2020-04-19,19:15,Olimpia Milano,Virtus Bologna,,,
381,2020-04-19,19:15,Virtus Bologna,Reggio Emilia,,,
382,2020-04-19,03:00,ALBA Berlin,Telekom Basket,,,
383,2020-04-19,03:00,Brose Baskets,Oldenburg,,,
384,2020-04-19,03:00,Braunschweig,Medi Bayreuth,,,
385,2020-04-19,03:00,S. Frankfurt,Mitteldeutsche,,,
386,2020-04-19,03:00,Riesen,Würzburg,,,
387,2020-04-19,03:00,Ratiopharm Ulm,FC Bayern München,,,
388,2020-04-19,03:00,BC UNICS Kazan,Parma Basket,,,
389,2020-04-19,03:00,BC Enisey Krasnoyarsk,BC Tsmoki-Minsk,,,
390,2020-04-19,03:00,Nizhny,BC Astana,,,
391,2020-04-19,17:00,Murat Paşaoğlu SK,Nazilli,,,
392,2020-04-19,03:00,KK Anwil,Polski Torun,,,
393,2020-04-19,03:00,Stal Ostrow,Legia Warszawa,,,
394,2020-04-19,03:00,Start Lublin,Astoria,,,
395,2020-04-19,03:00,Slask Wroclaw,Zielona Gora,,,
396,2020-04-19,03:00,Gliwice,KS ROSA Radom,,,
397,2020-04-19,03:00,Trefl Sopot,D. Gornicza,,,
398,2020-04-19,03:00,Spojnia,Wilki Morskie,,,
399,2020-04-19,03:00,Starogard,Asseco Gdynia,,,
400,2020-04-19,03:00,BC Vytautas Prienai Birštonas,BC Juventus Utena,,,
401,2020-04-19,03:00,Lietkabelis,BC Žalgiris Kaunas,,,
402,2020-04-19,03:00,BC Siauliai,Vilnius Rytas,,,
403,2020-04-19,18:00,Gipuzkoa,Palencia,,,
404,2020-04-19,19:00,Bahia San Agustin,CB Ourense,,,
405,2020-04-19,16:00,Scorchers,Wolves,,,
406,2020-04-19,17:00,Raiders,Sharks,,,
407,2020-04-19,19:00,Glasgow Rocks,Riders,,,
408,2020-04-19,19:00,Man Giants,Bristol Flyers,,,
409,2020-04-19,19:30,Phoenix,Eagles,,,
410,2020-04-19,03:00,Manawatu,Franklin Bulls,,,
411,2020-04-19,08:05,Akita NH,Sun Rockers,,,
412,2020-04-19,08:05,Niigata Abirex,Toyama Grouses,,,
413,2020-04-19,08:05,SeaHorses,NeoPhoenix,,,
414,2020-04-19,08:05,Shiga L-Stars,Ryukyu,,,
415,2020-04-19,09:05,Chiba Jets,Toyota Alvark,,,
416,2020-04-19,09:05,Dolphins,Shimane SM,,,
417,2020-04-19,09:05,Osaka Evessa,Kyoto Hannaryz,,,
418,2020-04-19,10:05,Brave Thunders,Yokohama BC,,,
419,2020-04-19,10:05,Levanga,Tochigi Brex,,,
420,2020-04-19,01:00,Almagro,La Union,,,
421,2020-04-19,03:00,Comunicaciones,Esgrima,,,
422,2020-04-19,07:00,Sendai 89ers,Shinshu BW,,,
423,2020-04-18,20:00,Anadolu Efes Spor Kulübü,TOFAŞ Spor Kulübü,,,
424,2020-04-18,19:00,Fuenlabrada,CB RETAbet Bilbao Berri Basket,,,
425,2020-04-18,19:00,Club Joventut de Badalona,CB Herbalife Gran Canaria Claret,,,
426,2020-04-18,19:00,Real Betis,CD Saski Baskonia,,,
427,2020-04-18,03:00,Élan Sportif Chalonnais,Limoges Cercle Saint-Pierre,,,
428,2020-04-18,03:00,Dijon,SIG Basket Strasbourg,,,
429,2020-04-18,03:00,Pau Orthez,Boulazac,,,
430,2020-04-18,03:00,Gravelines,Nanterre,,,
431,2020-04-18,03:00,Bourg Basket,Chalons-Reims,,,
432,2020-04-18,03:00,Le Portel,Asvel,,,
433,2020-04-18,03:00,Levallois,Le Mans,,,
434,2020-04-18,03:00,Orleans,AS Monaco,,,
435,2020-04-18,03:00,Chorale Roanne,Cholet Basket,,,
436,2020-04-18,03:00,Hamburg Towers,Giessen 46ers,,,
437,2020-04-18,03:00,Rasta Vechta,BG Göttingen,,,
438,2020-04-18,03:00,BK Zenit Saint Petersburg,Zielona Gora,,,
439,2020-04-18,17:00,Geçit Spor,UPS Spor,,,
440,2020-04-18,18:00,Kocaeli,Ege Üniversitesi Gençlik,,,
441,2020-04-18,18:00,Ankara Kayı Gençlik,İzmir Büyükşehir Belediyesi Gençlik ve Spor Kulübü,,,
442,2020-04-18,18:00,Bossan,Erzurum Büyükşehir Belediye Gençlik Spor Kulübü,,,
443,2020-04-18,03:00,Pieno Pasvalys,BC Nevėžis Kėdainiai,,,
444,2020-04-18,03:00,Dzukija Alytus,Neptunas,,,
445,2020-04-18,03:00,Peixegalego,Amics Castello,,,
446,2020-04-18,19:30,CB Granada,Fundacion,,,
447,2020-04-18,08:00,Nelson Giants,Taranaki,,,
448,2020-04-18,08:05,Akita NH,Sun Rockers,,,
449,2020-04-18,08:05,SeaHorses,NeoPhoenix,,,
450,2020-04-18,09:05,Chiba Jets,Toyota Alvark,,,
451,2020-04-18,09:05,Dolphins,Shimane SM,,,
452,2020-04-18,09:05,Levanga,Tochigi Brex,,,
453,2020-04-18,09:05,Osaka Evessa,Kyoto Hannaryz,,,
454,2020-04-18,12:05,Brave Thunders,Yokohama BC,,,
455,2020-04-18,12:05,Niigata Abirex,Toyama Grouses,,,
456,2020-04-18,12:05,Shiga L-Stars,Ryukyu,,,
457,2020-04-18,03:00,I. Atletico Central Cordoba,Ferro,,,
458,2020-04-18,03:30,Corrientes,Arjantin,,,
459,2020-04-18,04:00,Quimsa,Bahia,,,
460,2020-04-18,13:00,Luxgen Dinos,Pauian Archiland Basketball Team,100,85,İY 47-40
461,2020-04-18,03:00,Podcetrtek,Zlatorog Lasko,,,
462,2020-04-18,20:00,Sentjur,Podcetrtek,,,
463,2020-04-18,03:00,Primorska,Krka,,,
464,2020-04-18,03:00,Hopsi Polzela,Cedevita,,,
465,2020-04-18,03:00,Helios Domzale,KK Rogaska,,,
466,2020-04-18,01:00,Tokyo,Nishinomiya,,,
467,2020-04-18,08:00,Oita Heat Devils,H. Dragonflies,,,
468,2020-04-18,12:00,Fukuoka Rizing,P Yamagata,,,
469,2020-04-17,03:00,İTÜ BB,Bahçeşehir Koleji Spor Kulübü,,,
470,2020-04-17,03:00,Gaziantep BB,Türk Telekom Basketbol Kulübü,,,
471,2020-04-17,03:00,FruttiEx Bursa,Galatasaray,,,
472,2020-04-17,03:00,Büyükçekmece,M.Y. Afyon Bld,,,
473,2020-04-17,03:00,Bandırma BİK,Fenerbahçe,,,
474,2020-04-17,03:00,OGM Orman Spor Kulübü,Darüşşafaka Spor Kulübü,,,
475,2020-04-17,03:00,Beşiktaş,Pınar Karşıyaka Spor Kulübü,,,
476,2020-04-17,03:00,Düzce Bld.,Manisa Bşb,,,
477,2020-04-17,03:00,Samsunspor,Semt77 Yalova,,,
478,2020-04-17,03:00,Merkezefendi,Final Spor,,,
479,2020-04-17,03:00,Bornova Belediye Spor Kulübü,Balıkesir BŞB,,,
480,2020-04-17,03:00,Mamak Belediyesi,Selçuklu Bld,,,
481,2020-04-17,03:00,Sigortam.net,Petkim Spor,,,
482,2020-04-17,03:00,Gemlik Basketbol Kulübü,Ankara Anadolu,,,
483,2020-04-17,03:00,Akhisar Belediye,Fethiye Belediye Basketbol Kulübü,,,
484,2020-04-17,21:00,Obradoiro,Tenerife,,,
485,2020-04-17,21:00,Unicaja Baloncesto Málaga,UCAM Murcia,,,
486,2020-04-17,22:30,BC MoraBanc Andorra,Valencia,,,
487,2020-04-17,22:30,Burgos,Real Madrid,,,
488,2020-04-17,19:15,Virtus Bologna,Venezia,,,
489,2020-04-17,19:15,Reggio Emilia,Enel Brindisi,,,
490,2020-04-17,19:15,Trieste,Trento,,,
491,2020-04-17,19:15,Pistoia,Varese,,,
492,2020-04-17,19:15,F. Bologna,Virtus Bologna,,,
493,2020-04-17,19:15,Vanoli,Brescia,,,
494,2020-04-17,19:15,Cantu,Pesaro,,,
495,2020-04-17,19:15,Dinamo Sassari,Uni Treviso,,,
496,2020-04-17,03:00,FC Bayern München,S. Frankfurt,,,
497,2020-04-17,03:00,L. Kuban,BC Khimki,,,
498,2020-04-17,17:00,Ted Ankara,Çorlu Bld.,,,
499,2020-04-17,18:00,Karsiyaka Belediyespor,Başkent Yenişehir,,,
500,2020-04-17,03:00,Real Canoe NC,Almansa,,,
501,2020-04-17,21:45,Leyma Coruna,Breogan,,,
502,2020-04-17,22:00,Caceres,Valladolid,,,
503,2020-04-17,22:00,Penas Huesca,Oviedo,,,
504,2020-04-17,22:00,Melilla,Lleida,,,
505,2020-04-17,21:30,Sharks,Riders,,,
506,2020-04-17,21:30,Eagles,Glasgow Rocks,,,
507,2020-04-17,21:30,Wolves,Man Giants,,,
508,2020-04-17,21:30,Bristol Flyers,Scorchers,,,
509,2020-04-17,21:30,Lions,Raiders,,,
510,2020-04-17,03:00,Blois 41,Hermine,,,
511,2020-04-17,03:00,Antibes,Rouen Basket,,,
512,2020-04-17,03:00,Gries,Saint Chamond,,,
513,2020-04-17,03:00,Lille BC,Aix Maurienne,,,
514,2020-04-17,03:00,Nancy Basket,Fos Provence,,,
515,2020-04-17,03:00,Paris,Evreux,,,
516,2020-04-17,03:00,Saint Quentin,Denain Voltair,,,
517,2020-04-17,03:00,S'weyersheim,Poitiers,,,
518,2020-04-17,03:00,Vichy Clermont,Quimper,,,
519,2020-04-17,10:00,Franklin Bulls,Taranaki,,,
520,2020-04-17,10:00,Canterbury Rams,Nelson Giants,,,
521,2020-04-17,02:00,Almagro,Olimpico,,,
522,2020-04-17,02:00,Hispano,La Union,,,
523,2020-04-17,03:30,Concordia,Esgrima,,,
524,2020-04-17,20:00,KK Sencur,Zlatorog Lasko,,,
525,2020-04-16,02:30,Atlanta,Cleveland,,,
526,2020-04-16,02:30,Boston,Chicago,,,
527,2020-04-16,02:30,Brooklyn,Milwaukee,,,
528,2020-04-16,02:30,Orlando,Toronto,,,
529,2020-04-16,02:30,Philadelphia,Charlotte,,,
530,2020-04-16,02:30,Washington,Indiana,,,
531,2020-04-16,02:30,Dallas,Oklahoma,,,
532,2020-04-16,02:30,Houston,Memphis,,,
533,2020-04-16,02:30,Minnesota,New York,,,
534,2020-04-16,02:30,San Antonio,New Orleans,,,
535,2020-04-16,05:00,Phoenix,LA Lakers,,,
536,2020-04-16,05:00,Portland,LA Clippers,,,
537,2020-04-16,05:00,Sacramento,Golden State,,,
538,2020-04-16,20:15,CB RETAbet Bilbao Berri Basket,Zaragoza,,,
539,2020-04-16,21:00,Manresa,CD Saski Baskonia,,,
540,2020-04-16,22:30,FC Barcelona Lassa Bàsquet,Club Joventut de Badalona,,,
541,2020-04-16,22:30,CB Herbalife Gran Canaria Claret,Estudiantes,,,
542,2020-04-16,22:30,Real Betis,Fuenlabrada,,,
543,2020-04-16,03:00,BC Avtodor Saratov,PBK CSKA Moskva,,,
544,2020-04-16,03:00,Polski Torun,Astoria,,,
545,2020-04-16,03:00,BC CBet Prienai,Vilnius Rytas,,,
546,2020-04-16,03:00,BC Siauliai,Lietkabelis,,,
547,2020-04-16,03:00,Platense,Comunicaciones,,,
548,2020-04-16,03:30,Atenas,Ferro,,,
549,2020-04-16,03:30,Regatas,Arjantin,,,
550,2020-04-16,12:00,Pauian Archiland Basketball Team,Luxgen Dinos,89,91,İY 49-42
551,2020-04-15,02:30,Miami,Toronto,,,
552,2020-04-15,02:30,New York,Detroit,,,
553,2020-04-15,05:00,Utah,Denver,,,
554,2020-04-15,05:30,LA Lakers,Sacramento,,,
555,2020-04-15,03:00,Brose Baskets,Braunschweig,,,
556,2020-04-15,03:00,Crailsheim,FC Bayern München,,,
557,2020-04-15,03:00,S. Frankfurt,Telekom Basket,,,
558,2020-04-15,03:00,BG Göttingen,Würzburg,,,
559,2020-04-15,03:00,Riesen,Mitteldeutsche,,,
560,2020-04-15,03:00,Panathinaikos BC Superfoods,Panionios,,,
561,2020-04-15,03:00,Hephaestus,Peristeri,,,
562,2020-04-15,03:00,Aris,Promitheas,,,
563,2020-04-15,03:00,PAOK,Iraklis,,,
564,2020-04-15,03:00,Ionikos,AEK,,,
565,2020-04-15,03:00,C. Rodos,Rethymno,,,
566,2020-04-15,03:00,Ermis Agias,Kymis Lavrio,,,
567,2020-04-15,03:00,Trefl Sopot,Zielona Gora,,,
568,2020-04-15,03:00,BC Juventus Utena,Neptunas,,,
569,2020-04-15,03:00,BC Nevėžis Kėdainiai,Dzukija Alytus,,,
570,2020-04-15,03:00,BC Žalgiris Kaunas,Pieno Pasvalys,,,
571,2020-04-15,13:05,Toyota Alvark,Chiba Jets,,,
572,2020-04-15,13:05,Brave Thunders,Niigata Abirex,,,
573,2020-04-15,13:05,Kyoto Hannaryz,Shiga L-Stars,,,
574,2020-04-15,13:05,Osaka Evessa,Shimane SM,,,
575,2020-04-15,13:05,SeaHorses,NeoPhoenix,,,
576,2020-04-15,13:05,Toyama Grouses,Yokohama BC,,,
577,2020-04-15,13:25,Tochigi Brex,Levanga,,,
578,2020-04-15,13:35,Ryukyu,Dolphins,,,
579,2020-04-15,13:35,Sun Rockers,Akita NH,,,
580,2020-04-15,03:00,I. Atletico Central Cordoba,Olimpico,,,
581,2020-04-15,03:00,Podcetrtek,KK Sencur,,,
582,2020-04-15,20:00,Sentjur,Zlatorog Lasko,,,
583,2020-04-15,03:00,Krka,KK Rogaska,,,
584,2020-04-15,03:00,Cedevita,Helios Domzale,,,
585,2020-04-15,03:00,Primorska,Hopsi Polzela,,,
586,2020-04-14,02:00,Charlotte,Miami,,,
587,2020-04-14,02:00,Cleveland,Brooklyn,,,
588,2020-04-14,02:00,Detroit,Boston,,,
589,2020-04-14,02:00,Indiana,San Antonio,,,
590,2020-04-14,03:00,Chicago,Orlando,,,
591,2020-04-14,03:00,Houston,Phoenix,,,
592,2020-04-14,03:00,Memphis,Philadelphia,,,
593,2020-04-14,03:00,New Orleans,Washington,,,
594,2020-04-14,03:00,Oklahoma,Utah,,,
595,2020-04-14,04:00,Denver,Dallas,,,
596,2020-04-14,05:30,Golden State,Portland,,,
597,2020-04-14,05:30,LA Clippers,Minnesota,,,
598,2020-04-14,03:00,ALBA Berlin,Hamburg Towers,,,
599,2020-04-14,03:00,Oldenburg,Giessen 46ers,,,
600,2020-04-14,03:00,Rasta Vechta,Ratiopharm Ulm,,,
601,2020-04-14,03:00,Almagro,Comunicaciones,,,
602,2020-04-14,03:30,Libertad,Ferro,,,
603,2020-04-14,03:30,Corrientes,Quimsa,,,
604,2020-04-14,04:00,La Union,Arjantin,,,
605,2020-04-14,12:00,Luxgen Dinos,Pauian Archiland Basketball Team,103,90,İY 49-42
606,2020-04-13,19:00,Fenerbahçe,Anadolu Efes Spor Kulübü,,,
607,2020-04-13,01:00,Toronto,New York,,,
608,2020-04-13,02:00,Milwaukee,Atlanta,,,
609,2020-04-13,04:30,LA Lakers,Minnesota,,,
610,2020-04-13,19:15,Virtus Bologna,Dinamo Sassari,,,
611,2020-04-13,19:15,Trento,Olimpia Milano,,,
612,2020-04-13,19:15,Varese,Vanoli,,,
613,2020-04-13,19:15,Cantu,Trieste,,,
614,2020-04-13,19:15,Venezia,Reggio Emilia,,,
615,2020-04-13,19:15,Pesaro,Pistoia,,,
616,2020-04-13,19:15,Enel Brindisi,F. Bologna,,,
617,2020-04-13,19:15,Brescia,Virtus Bologna,,,
618,2020-04-13,03:00,PBK CSKA Moskva,BC UNICS Kazan,,,
619,2020-04-13,03:00,Zielona Gora,BC Khimki,,,
620,2020-04-13,03:00,BK Zenit Saint Petersburg,BC Tsmoki-Minsk,,,
621,2020-04-13,03:00,Polski Torun,Stal Ostrow,,,
622,2020-04-13,03:00,Lietkabelis,BC Juventus Utena,,,
623,2020-04-13,03:00,BC Nevėžis Kėdainiai,BC Siauliai,,,
624,2020-04-13,03:00,Vilnius Rytas,BC Žalgiris Kaunas,,,
625,2020-04-13,03:00,Hispano,Boca Juniors,,,
626,2020-04-13,03:30,Atenas,Olimpico,,,
627,2020-04-12,13:00,M.Y. Afyon Bld,Bandırma BİK,,,
628,2020-04-12,15:15,Galatasaray,Büyükçekmece,,,
629,2020-04-12,17:30,Darüşşafaka Spor Kulübü,Pınar Karşıyaka Spor Kulübü,,,
630,2020-04-12,16:00,Petkim Spor,Mamak Belediyesi,,,
631,2020-04-12,16:00,Fenerbahçe Spor Kulübü,Elazığ İl Özel İdare Basketbol,,,
632,2020-04-12,02:00,Charlotte,Washington,,,
633,2020-04-12,02:00,Indiana,Orlando,,,
634,2020-04-12,02:00,New Orleans,Philadelphia,,,
635,2020-04-12,02:30,Cleveland,Milwaukee,,,
636,2020-04-12,03:00,Miami,Boston,,,
637,2020-04-12,03:00,Chicago,Brooklyn,,,
638,2020-04-12,03:00,Memphis,Oklahoma,,,
639,2020-04-12,03:30,LA Clippers,Golden State,,,
640,2020-04-12,04:00,Denver,Sacramento,,,
641,2020-04-12,05:00,Phoenix,Utah,,,
642,2020-04-12,22:30,San Antonio,Houston,,,
643,2020-04-12,13:30,Estudiantes,CB RETAbet Bilbao Berri Basket,,,
644,2020-04-12,13:30,UCAM Murcia,Real Madrid,,,
645,2020-04-12,18:00,Club Joventut de Badalona,Real Betis,,,
646,2020-04-12,19:30,Valencia,FC Barcelona Lassa Bàsquet,,,
647,2020-04-12,21:00,CD Saski Baskonia,CB Herbalife Gran Canaria Claret,,,
648,2020-04-12,03:00,FC Bayern München,Brose Baskets,,,
649,2020-04-12,03:00,Medi Bayreuth,Riesen,,,
650,2020-04-12,03:00,Mitteldeutsche,ALBA Berlin,,,
651,2020-04-12,03:00,L. Kuban,BC Astana,,,
652,2020-04-12,16:00,Erzurum Büyükşehir Belediye Gençlik Spor Kulübü,Beylikdüzü,,,
653,2020-04-12,17:00,Çorlu Bld.,Kocaeli,,,
654,2020-04-12,13:00,Palencia,CB Granada,,,
655,2020-04-12,13:30,Almansa,Peixegalego,,,
656,2020-04-12,19:30,Oviedo,Gipuzkoa,,,
657,2020-04-12,20:00,Breogan,Bahia San Agustin,,,
658,2020-04-12,20:00,Valladolid,Leyma Coruna,,,
659,2020-04-12,19:00,Glasgow Rocks,Lions,,,
660,2020-04-12,19:30,Phoenix,Bristol Flyers,,,
661,2020-04-12,07:05,Ryukyu,Dolphins,,,
662,2020-04-12,07:05,Toyama Grouses,SeaHorses,,,
663,2020-04-12,07:35,Shimane SM,Osaka Evessa,,,
664,2020-04-12,08:05,NeoPhoenix,Brave Thunders,,,
665,2020-04-12,08:05,Shiga L-Stars,Kyoto Hannaryz,,,
666,2020-04-12,08:05,Sun Rockers,Toyota Alvark,,,
667,2020-04-12,09:05,Levanga,Chiba Jets,,,
668,2020-04-12,09:05,Tochigi Brex,Akita NH,,,
669,2020-04-12,09:05,Yokohama BC,Niigata Abirex,,,
670,2020-04-12,02:00,Penarol,Obras,,,
671,2020-04-12,02:00,Boca Juniors,Almagro,,,
672,2020-04-12,03:00,I. Atletico Central Cordoba,Platense,,,
673,2020-04-12,03:30,La Union,Quimsa,,,
674,2020-04-12,11:00,Bank of Taiwan,Kinmen,113,124,İY 55-47
675,2020-04-12,13:00,Luxgen Dinos,Taiwan Beer,73,77,İY 34-44
676,2020-04-11,13:00,Türk Telekom Basketbol Kulübü,İTÜ BB,,,
677,2020-04-11,15:15,TOFAŞ Spor Kulübü,OGM Orman Spor Kulübü,,,
678,2020-04-11,17:30,Gaziantep BB,Beşiktaş,,,
679,2020-04-11,20:00,Bahçeşehir Koleji Spor Kulübü,FruttiEx Bursa,,,
680,2020-04-11,14:30,Final Spor,Düzce Bld.,,,
681,2020-04-11,15:00,Manisa Bşb,Samsunspor,,,
682,2020-04-11,16:00,Balıkesir BŞB,Merkezefendi,,,
683,2020-04-11,16:00,Selçuklu Bld,Bornova Belediye Spor Kulübü,,,
684,2020-04-11,17:00,Fethiye Belediye Basketbol Kulübü,Gemlik Basketbol Kulübü,,,
685,2020-04-11,17:00,Semt77 Yalova,Akhisar Belediye,,,
686,2020-04-11,14:00,Orman G. (K),Galatasaray Spor Kulübü,,,
687,2020-04-11,14:00,Çukurova (K),Adana BK,,,
688,2020-04-11,14:00,Samsun Canik Belediye Spor Kulübü,Beşiktaş (K),,,
689,2020-04-11,16:00,Botaş (K),Hatay Büyükşehir Belediye Spor Kulübü,,,
690,2020-04-11,16:00,Kayseri BB (K),Çankaya Üniversitesi Spor Kulübü,,,
691,2020-04-11,14:00,Mardin BŞB (K),Urla Belediyesi Gençlik Spor Kulübü,,,
692,2020-04-11,15:00,Edremit Belediyesi Gürespor Kulübü,İstanbul Üniversitesi Basketbol Kulübü,,,
693,2020-04-11,15:00,Emlak Konut(K),Düzce Belediye Gençlik ve Spor Kulübü,,,
694,2020-04-11,16:00,Sakarya Y. (K),Bosna Basket Spor Kulübü,,,
695,2020-04-11,02:00,Orlando,Boston,,,
696,2020-04-11,02:30,Toronto,Atlanta,,,
697,2020-04-11,03:00,Houston,Washington,,,
698,2020-04-11,03:00,Oklahoma,New York,,,
699,2020-04-11,03:30,San Antonio,Philadelphia,,,
700,2020-04-11,22:00,Dallas,Detroit,,,
701,2020-04-11,19:00,Fuenlabrada,Obradoiro,,,
702,2020-04-11,19:00,Zaragoza,BC MoraBanc Andorra,,,
703,2020-04-11,21:30,Manresa,Burgos,,,
704,2020-04-11,21:30,Tenerife,Unicaja Baloncesto Málaga,,,
705,2020-04-11,19:15,Olimpia Milano,Venezia,,,
706,2020-04-11,19:15,F. Bologna,Dinamo Sassari,,,
707,2020-04-11,19:15,Virtus Bologna,Trento,,,
708,2020-04-11,19:15,Pesaro,Varese,,,
709,2020-04-11,19:15,Uni Treviso,Cantu,,,
710,2020-04-11,19:15,Enel Brindisi,Virtus Bologna,,,
711,2020-04-11,19:15,Trieste,Reggio Emilia,,,
712,2020-04-11,19:15,Vanoli,Pistoia,,,
713,2020-04-11,03:00,Élan Sportif Chalonnais,Gravelines,,,
714,2020-04-11,03:00,Chalons-Reims,Cholet Basket,,,
715,2020-04-11,03:00,Le Mans,Chorale Roanne,,,
716,2020-04-11,03:00,Levallois,Pau Orthez,,,
717,2020-04-11,03:00,Limoges Cercle Saint-Pierre,Dijon,,,
718,2020-04-11,03:00,Asvel,Nanterre,,,
719,2020-04-11,03:00,AS Monaco,Le Portel,,,
720,2020-04-11,03:00,Orleans,Boulazac,,,
721,2020-04-11,03:00,SIG Basket Strasbourg,Bourg Basket,,,
722,2020-04-11,03:00,Braunschweig,Rasta Vechta,,,
723,2020-04-11,03:00,Telekom Basket,Oldenburg,,,
724,2020-04-11,03:00,Giessen 46ers,BG Göttingen,,,
725,2020-04-11,03:00,Hamburg Towers,S. Frankfurt,,,
726,2020-04-11,03:00,Ratiopharm Ulm,Crailsheim,,,
727,2020-04-11,14:00,İzmir Büyükşehir Belediyesi Gençlik ve Spor Kulübü,Murat Paşaoğlu SK,,,
728,2020-04-11,17:00,UPS Spor,Bossan,,,
729,2020-04-11,18:00,Nazilli,Geçit Spor,,,
730,2020-04-11,03:00,Rethymno,Panathinaikos BC Superfoods,,,
731,2020-04-11,03:00,Iraklis,Hephaestus,,,
732,2020-04-11,03:00,Peristeri,C. Rodos,,,
733,2020-04-11,03:00,AEK,Ermis Agias,,,
734,2020-04-11,03:00,Promitheas,PAOK,,,
735,2020-04-11,03:00,Panionios,Ionikos,,,
736,2020-04-11,03:00,Kymis Lavrio,Aris,,,
737,2020-04-11,03:00,Asseco Gdynia,KK Anwil,,,
738,2020-04-11,03:00,Starogard,Wilki Morskie,,,
739,2020-04-11,03:00,D. Gornicza,Spojnia,,,
740,2020-04-11,03:00,KS ROSA Radom,Trefl Sopot,,,
741,2020-04-11,03:00,Zielona Gora,Gliwice,,,
742,2020-04-11,03:00,Astoria,Slask Wroclaw,,,
743,2020-04-11,03:00,Legia Warszawa,Start Lublin,,,
744,2020-04-11,03:00,Neptunas,BC Vytautas Prienai Birštonas,,,
745,2020-04-11,03:00,Dzukija Alytus,Pieno Pasvalys,,,
746,2020-04-11,10:00,Canterbury Rams,Taranaki,,,
747,2020-04-11,09:05,Levanga,Chiba Jets,,,
748,2020-04-11,09:05,Tochigi Brex,Akita NH,,,
749,2020-04-11,11:05,NeoPhoenix,Brave Thunders,,,
750,2020-04-11,11:05,Sun Rockers,Toyota Alvark,,,
751,2020-04-11,11:05,Yokohama BC,Niigata Abirex,,,
752,2020-04-11,12:05,Ryukyu,Dolphins,,,
753,2020-04-11,12:05,Shiga L-Stars,Kyoto Hannaryz,,,
754,2020-04-11,12:05,Toyama Grouses,SeaHorses,,,
755,2020-04-11,12:35,Shimane SM,Osaka Evessa,,,
756,2020-04-11,03:00,Arjantin,Bahia,,,
757,2020-04-11,11:00,Kinmen,Luxgen Dinos,92,70,İY 43-32
758,2020-04-11,13:00,Pauian Archiland Basketball Team,Taiwan Beer,73,79,İY 35-40
759,2020-04-11,20:00,KK Sencur,Sentjur,,,
760,2020-04-11,03:00,Hopsi Polzela,Krka,,,
761,2020-04-11,03:00,Helios Domzale,Primorska,,,
762,2020-04-11,03:00,KK Rogaska,Cedevita,,,
763,2020-04-10,20:00,BC Žalgiris Kaunas,FC Bayern München,,,
764,2020-04-10,20:30,Anadolu Efes Spor Kulübü,Fenerbahçe,,,
765,2020-04-10,21:45,ALBA Berlin,BC Khimki,,,
766,2020-04-10,22:00,CD Saski Baskonia,Panathinaikos BC Superfoods,,,
767,2020-04-10,22:00,Real Madrid,BK Zenit Saint Petersburg,,,
768,2020-04-10,16:30,Ankara Anadolu,Sigortam.net,,,
769,2020-04-10,13:30,Nesibe Aydın Spor Kulübü,Fenerbahçe Gelişim Koleji Spor Kulübü,,,
770,2020-04-10,14:00,Antalya 07 (K),Yalova VIP Gençlik Spor Kulübü,,,
771,2020-04-10,18:00,Botaş G. (K),Mersin Üniversitesi Basketbol Kulübü,,,
772,2020-04-10,18:00,Bayrakli Belediyesi Spor Kulübü,Bursa Büyükşehir Belediyesi Spor Kulübü,,,
773,2020-04-10,02:30,Miami,Detroit,,,
774,2020-04-10,03:00,Milwaukee,Brooklyn,,,
775,2020-04-10,03:00,Minnesota,Sacramento,,,
776,2020-04-10,03:00,New Orleans,Phoenix,,,
777,2020-04-10,05:00,Portland,Denver,,,
778,2020-04-10,05:30,LA Lakers,LA Clippers,,,
779,2020-04-10,01:00,FC Barcelona Lassa Bàsquet,Burgos,,,
780,2020-04-10,01:00,Fuenlabrada,Real Madrid,,,
781,2020-04-10,01:00,CB Herbalife Gran Canaria Claret,Tenerife,,,
782,2020-04-10,01:00,BC MoraBanc Andorra,CB RETAbet Bilbao Berri Basket,,,
783,2020-04-10,01:00,UCAM Murcia,Estudiantes,,,
784,2020-04-10,01:00,Obradoiro,Club Joventut de Badalona,,,
785,2020-04-10,01:00,Zaragoza,Real Betis,,,
786,2020-04-10,01:00,Unicaja Baloncesto Málaga,Manresa,,,
787,2020-04-10,01:00,Valencia,CD Saski Baskonia,,,
788,2020-04-10,15:00,Ege Üniversitesi Gençlik,Ankara Kayı Gençlik,,,
789,2020-04-10,17:00,Ted Ankara,Karsiyaka Belediyespor,,,
790,2020-04-10,21:45,Fundacion,Caceres,,,
791,2020-04-10,21:30,Eagles,Raiders,,,
792,2020-04-10,21:30,Wolves,Riders,,,
793,2020-04-10,03:00,Denain Voltair,Nancy Basket,,,
794,2020-04-10,03:00,Evreux,Saint Quentin,,,
795,2020-04-10,03:00,Lille BC,Fos Provence,,,
796,2020-04-10,03:00,Hermine,Antibes,,,
797,2020-04-10,03:00,Poitiers,Gries,,,
798,2020-04-10,03:00,Quimper,S'weyersheim,,,
799,2020-04-10,03:00,Rouen Basket,Paris,,,
800,2020-04-10,03:00,Saint Chamond,Vichy Clermont,,,
801,2020-04-10,03:00,Aix Maurienne,Blois 41,,,
802,2020-04-10,02:00,Esgrima,I. Atletico Central Cordoba,,,
803,2020-04-10,03:00,Ferro,Corrientes,,,
804,2020-04-10,03:00,Comunicaciones,Concordia,,,
805,2020-04-10,03:30,Atenas,Platense,,,
806,2020-04-10,12:00,Luxgen Dinos,Bank of Taiwan,90,85,İY 39-41
807,2020-04-10,14:00,Kinmen,Pauian Archiland Basketball Team,94,92,İY 36-28
808,2020-04-09,21:00,Olympiacos BC,FC Barcelona Lassa Bàsquet,,,
809,2020-04-09,21:45,Olimpia Milano,PBK CSKA Moskva,,,
810,2020-04-09,21:45,Asvel,M. Tel Aviv,,,
811,2020-04-09,22:00,Valencia,KK Crvena Zvezda,,,
812,2020-04-09,02:00,Boston,Indiana,,,
813,2020-04-09,02:00,Charlotte,Toronto,,,
814,2020-04-09,02:30,New York,Orlando,,,
815,2020-04-09,04:30,Houston,San Antonio,,,
816,2020-04-09,05:30,LA Lakers,Chicago,,,
817,2020-04-09,05:30,Golden State,Cleveland,,,
818,2020-04-09,05:30,LA Clippers,Chicago,,,
819,2020-04-09,03:00,Zielona Gora,BC Enisey Krasnoyarsk,,,
820,2020-04-09,21:30,Lleida,Real Canoe NC,,,
821,2020-04-09,21:45,Amics Castello,Penas Huesca,,,
822,2020-04-09,10:00,Nelson Giants,Manawatu,,,
823,2020-04-09,12:00,Pauian Archiland Basketball Team,Bank of Taiwan,77,85,İY 29-40
824,2020-04-09,14:00,Taiwan Beer,Kinmen,78,69,İY 38-26
825,2020-04-08,02:00,Washington,Toronto,,,
826,2020-04-08,02:30,Atlanta,Detroit,,,
827,2020-04-08,02:30,Miami,Indiana,,,
828,2020-04-08,02:30,Philadelphia,Milwaukee,,,
829,2020-04-08,03:00,Minnesota,Phoenix,,,
830,2020-04-08,03:00,New Orleans,Charlotte,,,
831,2020-04-08,03:00,Oklahoma,Brooklyn,,,
832,2020-04-08,03:30,Dallas,Houston,,,
833,2020-04-08,03:30,San Antonio,Sacramento,,,
834,2020-04-08,04:00,Denver,Memphis,,,
835,2020-04-08,05:00,Utah,LA Clippers,,,
836,2020-04-08,05:00,Portland,Cleveland,,,
837,2020-04-08,05:00,LA Lakers,Golden State,,,
838,2020-04-08,20:00,ALBA Berlin,Medi Bayreuth,,,
839,2020-04-08,03:00,KK Anwil,Stal Ostrow,,,
840,2020-04-08,03:00,Start Lublin,Polski Torun,,,
841,2020-04-08,03:00,Slask Wroclaw,Legia Warszawa,,,
842,2020-04-08,03:00,Gliwice,Astoria,,,
843,2020-04-08,03:00,Spojnia,KS ROSA Radom,,,
844,2020-04-08,03:00,Starogard,D. Gornicza,,,
845,2020-04-08,03:00,Asseco Gdynia,Wilki Morskie,,,
846,2020-04-08,21:45,CB Ourense,Melilla,,,
847,2020-04-08,21:30,Riders,Bristol Flyers,,,
848,2020-04-08,21:30,Lions,Man Giants,,,
849,2020-04-08,13:05,Akita NH,Chiba Jets,,,
850,2020-04-08,13:05,Toyota Alvark,Levanga,,,
851,2020-04-08,13:05,Kyoto Hannaryz,Dolphins,,,
852,2020-04-08,13:05,NeoPhoenix,Toyama Grouses,,,
853,2020-04-08,13:05,Niigata Abirex,Brave Thunders,,,
854,2020-04-08,13:05,Osaka Evessa,Shiga L-Stars,,,
855,2020-04-08,13:05,SeaHorses,Yokohama BC,,,
856,2020-04-08,13:25,Tochigi Brex,Sun Rockers,,,
857,2020-04-08,13:35,Ryukyu,Shimane SM,,,
858,2020-04-08,02:00,Obras,Regatas,,,
859,2020-04-08,03:00,Hispano,Corrientes,,,
860,2020-04-08,03:30,Libertad,Platense,,,
861,2020-04-08,03:00,Brno,Kolin,,,
862,2020-04-08,20:00,Kralovsti Soko,Ostrava,,,
863,2020-04-08,19:00,Pardubice,Turi Svitavy,,,
864,2020-04-08,19:00,Decin,USK Praha,,,
865,2020-04-08,19:00,Usti nad Labem,Olomoucko,,,
866,2020-04-08,19:00,CEZ Nymburk,Opava,,,
867,2020-04-07,03:00,FC Bayern München,Riesen,,,
868,2020-04-07,19:00,Zielona Gora,BC Kalev Cramo,,,
869,2020-04-07,03:00,S'weyersheim,Evreux,,,
870,2020-04-07,03:00,Blois 41,Saint Chamond,,,
871,2020-04-07,03:00,Antibes,Lille BC,,,
872,2020-04-07,03:00,Fos Provence,Poitiers,,,
873,2020-04-07,03:00,Gries,Quimper,,,
874,2020-04-07,03:00,Nancy Basket,Hermine,,,
875,2020-04-07,03:00,Paris,Denain Voltair,,,
876,2020-04-07,03:00,Saint Quentin,Rouen Basket,,,
877,2020-04-07,03:00,Vichy Clermont,Aix Maurienne,,,
878,2020-04-07,03:00,I. Atletico Central Cordoba,Comunicaciones,,,
879,2020-04-07,04:00,Olimpico,Almagro,,,
880,2020-04-06,20:00,Pınar Karşıyaka Spor Kulübü,TOFAŞ Spor Kulübü,,,
881,2020-04-06,00:00,Indiana,Washington,,,
882,2020-04-06,00:00,New York,Miami,,,
883,2020-04-06,01:00,Brooklyn,Dallas,,,
884,2020-04-06,01:00,Denver,Utah,,,
885,2020-04-06,01:00,Phoenix,Chicago,,,
886,2020-04-06,02:00,Houston,Toronto,,,
887,2020-04-06,02:00,Minnesota,Detroit,,,
888,2020-04-06,02:00,San Antonio,New Orleans,,,
889,2020-04-06,04:00,Portland,Memphis,,,
890,2020-04-06,04:00,Sacramento,Cleveland,,,
891,2020-04-06,04:30,LA Lakers,Oklahoma,,,
892,2020-04-06,19:30,PBK CSKA Moskva,BC Enisey Krasnoyarsk,,,
893,2020-04-06,20:00,BC Khimki,BK Zenit Saint Petersburg,,,
894,2020-04-06,01:30,Esgrima,Regatas,,,
895,2020-04-06,02:00,Almagro,Quimsa,,,
896,2020-04-06,02:00,Obras,Corrientes,,,
